session_id,cluster_id
5e37abcf-b608-4832-a6d2-2582b398b8da,2
7fe3eef9-1b19-428a-ace5-36a729be6501,2
d651a59e-619a-4d3f-a0c2-a382f217a685,2
f840fe49-75eb-4761-b38e-f7f81e5af6c7,2
9c800a5b-b47f-4ba9-8dd6-23507bcd265b,2
57ed2cc8-e53c-4a65-ac70-fcd902a26cca,2
36dc22e1-c5b8-4114-8594-53a903f9db96,2
21ec0753-f0e1-4bc0-886a-5903efdf1700,2
408b6ec3-d612-4bfa-8625-ca78f4acaeaa,2
834a0730-6733-42f4-b978-5e08162cd7d6,2
ff148fec-0ed1-4e37-a26d-294e517170a9,2
cbff54e5-f73b-444d-83ab-7dd5e4681d99,2
7f823d31-94ac-4549-9726-be7cbaccdbc9,2
74bc9819-12fd-419b-b48e-18ea233eea3f,2
ebc8216c-a5ec-4847-8d69-4a82eba499ce,2
5584086a-1fb1-4a10-9417-ded7d26d7575,2
6db5dc49-8eb0-47fc-a54a-0e1342066902,2
07597798-d944-43a4-915f-afec8a05a889,2
3b49aa94-7c71-43e6-a161-fced02acb290,2
8b334e7d-8098-4b99-a428-5545d39eb0a5,2
5e6ecac7-e0cc-467c-9565-6b18548a73e4,2
127c51cf-fa48-47f8-ad3d-39eeea67c500,2
c452a231-e46d-4eb4-af47-4f1d44071d20,2
df71578e-07aa-4157-afc3-f2b36aa754fd,2
c866ecb3-f058-4bfc-bda5-47cd643f2d6a,2
310da07a-d112-4bdc-868f-3c54247c5b04,2
516fc16f-b248-40ea-a0d0-c60603d3a169,2
e287ed85-44d9-422c-aeb5-4c65c48e04d3,2
739be91c-9128-4ea4-b056-fccb3d806dd8,2
2ad6e6b9-1fae-4dd7-ae2f-2c82c91bb70e,2
457ac7bd-c029-4423-a7ac-612e74b84911,2
b6a611da-72df-4692-a192-470c0e655d84,2
b460c107-2ee8-4c9c-b23c-538cdc9a34da,2
4b07a670-cc9b-4632-9d8a-9cb96cf44a8d,2
37d1d15f-7130-419b-8477-085ad77b7e3a,2
47802358-2e5b-4bdb-a284-296e40ff0644,2
59ed61d0-2b08-4c31-a57f-5f8919a9bdd5,2
f422d245-a844-4cf0-b5e5-7d05e2ef8636,2
b67cd6ec-0221-48c2-bf0e-cea337be1332,2
aa9f9168-30eb-4ea9-8397-b9de68b63715,2
8c3480e9-7efc-484b-b907-1d4a79e63578,2
31cb7638-8f6e-4e82-972f-30554fd498cb,2
c6de2ab6-66e7-4d02-a428-e082f775e28e,2
97ad0f4a-78cc-43c7-a662-400e531fd61c,2
79431cd3-ac23-492b-86a4-09301be4e57c,2
ceab2460-0b91-4121-92f7-7b055291d24a,2
71821b5c-4037-4dfa-b309-438905fa2818,2
d8f842a8-3ad5-4652-bcf8-abdaa08e3b68,2
579f6e67-5a22-4901-ab6f-71a14afbaa70,2
681160c4-8667-4f65-86cc-c0a6d4d18e65,2
1598c295-cea9-485e-8c45-97c8be8c50a5,2
0a8a9435-68a8-4de3-b1e9-7af0db6507b2,2
3d21da66-5bbd-40ae-adf5-94bae535ae96,2
da803c08-a7b6-49ac-9666-22bb006cddfe,1
39c0ae47-f174-4c89-9127-578f8777c2be,2
fb3941c6-4cc3-4a40-9b54-f9275908ddbf,2
d5b30730-c443-4a17-a076-534098047e16,2
945a6aea-d485-497d-b3e6-99f0fb3e4979,2
de52816c-52ee-41da-9e70-fbca0e57a329,2
67e69170-da6e-4364-a68b-894578b421a1,2
304b3730-7135-4210-a64b-ca25350aec6a,2
1585fcea-0dfe-45c1-89b1-8ba033c77dd3,2
c7c604fa-318a-4e30-8842-1406952e2b7a,2
cb721786-422a-4331-aebc-795e7b566fff,2
599684b5-bedb-4ea6-a1d5-82238cef5448,2
7b0bed53-934c-4758-a416-2f781b747210,2
391be022-a74d-44cb-b4f1-697d4e28a0f4,2
ccfe68f2-a91e-4b3c-ac55-1ce40832dcd8,2
8ccdf7a3-34af-46a8-bfbd-37eee772089e,2
660f1db7-1e68-44ce-a054-7fc7bac46ced,2
c68ede9b-1426-4906-9814-fd706c9184f1,2
3582d93d-7364-42e6-8ff5-e7e294fb5ec8,2
b9409d29-115d-48d4-9ec7-792c242d9a0d,2
57c946f8-9aef-4847-87f7-8f36088f0622,2
2f93762b-7185-4a94-90ee-63716a4341a5,2
14d80745-d9a4-42a8-8b68-5a5e6cc8bea7,2
45763b73-459f-4bb3-b12a-a3cd34866b83,2
739bb04f-601a-4e7e-ae99-13233df94b9e,2
dce72089-72f8-443f-9364-5a61381b38f2,2
597165c7-b866-469b-b2d2-d6ebf033bd8f,2
d0b16aff-824b-4d96-8d2e-cda1301d701c,2
d7ba533f-c467-4be8-9ef4-24e008b30089,2
7a29ba49-1cbc-4397-bc27-a9f242f821f8,2
b3a5514b-9c65-483e-a71f-194539730ae2,2
f069113a-9260-488f-aebf-31d8a658f2da,2
74fb3903-e233-4cf7-ad7e-fe0d17a2f0bb,2
1d6106e1-f03a-4c83-b3a6-ac72988eab15,2
5ddf3d64-d9d8-4aef-8e5f-ec22f154186e,1
fea4f6e2-cf90-44dd-a589-13eb6240243c,2
75b7d5b0-1393-4a13-87f5-e15c01e24ba2,2
682f4f12-6560-4fa3-8cb0-a8009cb173ad,2
bf6a25b7-33c6-44fd-9b01-940187cb4373,2
1535a6a8-86bb-4aec-bd00-d3b8efcd5c79,2
d65b7f8c-4055-4d4a-ac48-b0740b0e72ca,2
652f90fc-c1c0-4a3d-a5e7-7854ad88d69b,2
d9537997-80e3-4417-9d24-09aaa7d61db0,2
38281a83-0a9c-4e6d-ad82-e4448adcc499,2
85afa436-e214-40e1-92f9-807630c11d72,2
259e911a-a190-4996-9567-7b1381a7c159,2
4be00d61-dc04-495f-9ca7-04400da8dab2,2
f67a7c09-7e4c-40bd-9ad6-afcb1c9cf430,2
347af023-eef7-40ca-bac9-201329b8b811,2
1459db08-e7bb-4183-92b9-8ff6fd86b3ce,2
916e5873-f989-4852-831c-f025bfa1ed55,2
4cf97d61-f8c4-40e5-b4da-eeac76b483b9,2
cb685929-62b4-44c8-8bd7-c53567e58090,2
ba2e94ed-9c2e-4d8e-89ee-3edd19705d57,2
860328cc-e909-40d1-981f-e55e1b072748,2
0736f1bd-a73f-4be0-abee-e2fb22f59312,2
a83c220d-48e2-48d7-beca-392d209aedca,2
4f21df59-58df-4199-aa17-a94537fb05b5,2
a15738f4-20e0-49dc-ba13-40161dbc093d,2
b790e0fa-a8c8-4f67-8f8c-dceae54eb852,2
63a1df7b-de2a-4a01-ab3e-86f704dc1a64,2
8b9cbe36-45ee-452c-98f5-baf51a45db12,2
1d18570c-bd62-4dc8-804e-2f1cf3cc03b9,2
5d13b2c1-8927-4aa9-a53b-94ad3cb8d26a,2
2202d1e5-19fc-477d-a2d2-8d6de40a731c,2
ea17d6c2-ac84-47fe-8a66-57186a708fe6,2
124f9856-768f-457b-abef-7c93ffbeff4c,1
df881038-02fe-4c16-ac7b-bf9f1e913a18,0
fd618122-755c-4f0f-a1a2-1faf242ade39,0
c9558e04-e82e-4c1b-9a7f-d313fbf9898f,0
db2d3f23-5e16-4a86-ac7c-efb48ea3421b,2
c4d0fae9-2fbc-4b58-bdb9-23bd0ae3d6d3,0
51391fdb-b752-4409-8f0e-5cb7e3dd3554,0
862a1456-0db1-4ec2-8ee4-d16588b505c6,0
f2227003-ff8e-4191-8abc-fb8e6ef0b87a,0
49419b2e-a9c8-415f-9d72-a7b5406e2a04,0
03bfb0f1-d27e-494c-8c1b-235b4d2e17a0,0
e146344c-534f-4ae9-8499-d8bde9f67a5c,0
7e19361c-8a3b-417f-960a-0952d0697862,0
b7f0282b-3f35-4367-b5dc-7d83ed5b603a,0
ceb45c12-1cce-4c25-adda-8ea101f58643,0
c3e1b302-6319-4899-ac74-17bc559ffdfb,0
afbe8159-9049-4deb-934c-08437319b05e,0
5ec1646b-364c-4244-b425-66ebd808b76e,0
49c96a20-39c0-4052-83c2-015e3d351b0d,0
f5c1897f-b67b-4dbb-b6da-8a5cd6a8cb12,0
a63fadd0-6925-45ab-82cd-36269f86c76d,0
abe2b6e3-c15d-429f-a800-0732334cf2d1,0
1284af86-fad4-4c7c-bd58-01560aa5e91d,0
96e0d1fc-4549-436d-8ebc-3d58c7209b04,0
f7710e3a-4a1e-499c-b8bc-6929fd8f57da,0
4146561d-d110-421d-90a2-4403811044e5,0
83f6f98b-bc18-4f46-a33e-ecd8da47305c,0
7fee9b42-8121-40b4-ac81-860f7cbd0353,0
72bfd191-d6cd-4cab-96f3-cabb321fb377,2
9376428c-0e32-4a38-b9ce-184c6cdd4595,2
3217b8f6-7776-4464-95e8-7bad946b3a36,0
fb5bbd74-5d7f-45ba-b360-6f63faebf530,0
a15eea68-fa9a-4c4d-ab9c-71877defb20d,0
a8282b99-68bb-49a0-a033-56efe0b53171,0
c8b4491f-9951-4d0a-9285-bca3d32ef965,0
391d93e7-1aea-4a45-ae80-9b2f407bb059,0
2ad957e1-0706-4a57-80b3-51a4db1e2d33,0
9d5d6ddb-f031-43db-88e6-18b71250e8c2,0
340ad76a-725c-420e-ae19-0d965ffd74ea,0
8ca11e4e-9f60-480a-b576-d2dd7b60d11e,0
2f2834a2-2ec9-4703-abe5-71baba77e898,0
8d587e0a-71ee-4013-b942-70a2b8fd99cb,0
47897c97-30ff-4a0a-bc10-906c64930bb3,0
1d126ae2-c80e-4cf6-b017-28b8b9b1ec8c,0
6d70decf-6a0e-405e-804c-beb4bc6637bf,0
8f31c494-3e52-452a-b583-3e13f354beb0,0
4bf686aa-2a03-4a1f-960a-f8e4610af906,0
8b41dfdf-96d7-471a-9382-7cbe5e2897cd,0
0a29c0ee-8253-4490-a0a0-33aab95c4fdf,0
fe05d939-80fb-45ca-9720-665eca9daf61,2
5c381690-6aa3-4d92-802e-1d7311d1fe41,0
73b00b46-d383-4b3d-86ba-86601a729010,0
ff51c0a6-8d83-41c1-99ca-c661701b4828,0
65610381-09a9-45c8-8c31-58d433310e1a,0
5f56b173-4ed7-41e9-ad37-baccc59fc0a3,0
b2568272-817e-405a-9a59-6075da3d3917,0
4376bdf3-39b9-4e46-85e5-027d0a946dcc,0
154e5c10-d94b-4697-b797-e3d15b3e4172,0
8c64a87c-5dbf-45ed-ae63-66e8c515942f,0
bc3b70e1-84df-4034-882e-3eac05f8f1c4,0
6a871a9e-4f84-4b29-af83-c6c69cb1efdc,0
d0a43544-9d05-41ab-b82e-d4a373f33dae,0
48e6faeb-ed85-491f-9605-3dc5026fd207,0
a33dbb2e-53da-4486-9eaf-6dcd5998e67c,0
32b1d887-93ea-4243-97c9-c64bcb3c3ba9,0
cd2df019-35d4-4b18-a4f8-47bd63016fa4,0
3747f98d-c09f-4bca-97b6-272c65f74086,0
a3da98be-14b0-48ff-87a5-048ae6ed0d9b,0
5d007af9-f784-4054-893b-54dd65006d48,0
d81b0256-2076-4381-a2e2-0e62c6a341f2,0
5d1f3088-b98b-443c-b404-b535e829f6e3,0
c13c8c22-c791-4519-ad76-8b88452a34b3,2
65547756-3db4-448c-ad0f-3250fd57f705,0
3191f6c8-55a9-4b83-9386-563a17d73e36,0
fd2bb20f-a869-49e5-b474-0e9b2e34d74d,0
3b50a949-030d-4c51-b414-59b1cd048bc5,0
95a7bea5-d6e5-4cf1-ab4f-499fa8038d38,0
3a15cf57-2e8b-428d-93f6-450b3d3d4f6f,0
0a8934ab-6d77-447b-87fe-dbf6831a7586,0
e3394420-8f0f-47dd-af6a-627ffe08f9a5,0
aa529e3d-495f-4831-aace-639e61e62f1e,0
b560399f-9723-4ec0-b92d-6f7c9befdf40,0
b510f61f-cdcd-4a5b-b8c4-0e02d81617c8,0
964a53c6-c69e-411e-b9da-2b1bd112e87e,0
cb749e58-3447-4c8c-a74e-12fb5e25a855,0
44049230-aee4-4fac-8d23-2bb3158edf19,0
6acbd08c-a70c-47f4-994e-fbf5127a0136,0
946d22d4-9b4c-4f1b-820a-db3b0da67ca3,0
3319dbc0-45a5-462c-86f6-4617c9e5e082,0
44606bc0-9c85-46e5-a3e6-1448ea0d7427,0
9ec33464-ac80-4d12-b9ff-6d75e6278a9c,0
d84cf2c7-c889-4cd3-a40a-ae638c72d7e3,0
af44700c-a5dc-432b-924d-abd4101aae79,0
5d770ab7-84c5-478a-9db4-15bd395c6ec3,0
3e57a490-5882-4488-a2af-47b5b6afadf9,0
2164904a-9ec8-4de7-8485-a36326fdecb0,2
0454282e-5b82-48a9-8bf8-abeada219b05,0
b366661c-1039-4a57-98b1-ad98aa9fe51c,0
36d701fe-097a-4648-a62c-c64618c14a44,0
1041e895-34d6-4186-bd28-646ec5bffcfe,0
9fc3a7d3-e096-4027-bcc8-3c4692d40856,0
b353b561-02e0-4fee-9edc-fa90ae8c29c9,0
ff80dc4f-4fb7-448b-8c3f-5f0f4b6217cb,0
d6790140-f644-4dd0-ad26-094685cd3699,0
eb9870ce-cb7f-46fb-afcd-1c0bb152a2cb,0
a5f79b75-d68d-4856-978a-01e8ac71c522,0
9e6cf492-483c-43c1-bf9f-da57888dbc25,0
2489046f-e1c7-43de-ba62-b31bf0b34420,0
a99dd4d8-d56c-4886-ac6b-fabd9374b5a5,0
d7c500b3-9611-4372-b3c9-6a90d987f00e,0
911124b2-17cc-4cae-b4eb-a183b8866fb0,0
cfd18023-60b7-4315-a70c-1d9ef4e32747,0
f0ce6f55-ae0f-4546-95e4-c986fb5db0ef,0
8e188d8a-458e-4c54-9ac0-9368051df28c,0
a8fb6792-93af-4146-9509-751307c52757,0
5a7ceab5-5bb4-4fc1-b59b-321cf3a64ef1,0
796da255-da79-4d2e-bf50-519a0974af9b,0
a53e36c8-93c0-45e3-a02e-8619d2f3b57c,0
549a7e6f-4374-4234-a755-943c8c94b9d6,0
75a45513-054d-4753-b6be-32fde5d61557,0
4238f3b2-ef86-439c-ad91-6d00d5fb900d,0
aeca9b03-8c74-4ba6-bdd4-1d4037ae78e2,1
75479b7c-e6c6-4e14-a4f3-04fb1ef7a4b7,1
5b21d168-d149-4190-b1c0-ec75687b24a6,1
8efa3fff-e80a-4e3f-aa07-1b4521f8c3e7,1
9f1564f3-9bed-4f74-a847-5983ee1f8522,1
293a5476-db63-4146-9868-176615389ef6,1
8335787e-c5a5-4654-8b5d-6718c07b9516,1
2639aafa-c6a5-48de-9b82-e1db85488e84,1
f85a2cfd-9217-4bf6-916b-784e69c572e5,1
cbacda97-8f43-4219-9254-973bdb3b885f,1
ca00be31-b534-40bd-a6e9-60ba30faf17f,1
88ea54f6-70b7-45a1-9001-c4f91126757b,1
60dc9575-7c8d-427b-a7ba-e128c9ffad0c,1
ab197251-020a-43a9-86c7-176eb0fe6623,1
6636bb66-fa60-4134-b3c2-6b0f0d7d0e0c,1
5a59aeb1-e1be-48a4-849b-20297e5e919e,1
8a6cba53-9953-4068-8d9f-e695ef0e95f4,1
d61a856d-b4f5-4d6b-b691-307ff8332d05,1
c3d978ec-bca1-41e3-a9d1-6315e7a51831,1
fcbe962c-4508-4a60-9232-3abe13eda451,1
7d033432-0b27-43b0-8586-5e045e260d7b,1
57ab114d-1af6-430d-b18a-fe0e17910d11,1
18eda975-1e3c-4a46-b5b9-e8c978dbf895,1
f250b267-c753-4814-b11d-bb602dfcc765,1
aa80e2b0-6cc3-422b-a6bb-0670cf85d263,1
08e08829-352a-455c-8903-5825935da84a,1
327e3461-88ed-4678-b248-cff2359d8ac9,1
9a5c625f-b7d6-4ce6-b8be-56a5a0a072b0,1
1a998fbb-ddd8-4728-8ea6-85bffd12e047,1
5fdd125d-61c2-4f44-8dfd-b952916743ca,1
2da8076d-3f10-4fc0-a256-478024c512e5,1
ab7b3257-3178-4271-b10b-84fbe3cddf48,1
909e5576-5f24-4c6f-9c90-bbf1fef79b76,1
64b2fd14-9fa9-4886-9f34-14cdbfa9a169,1
288fc3c8-1ffd-4a99-b0f0-4dabaae3d8c8,1
82ab6c93-6b03-4158-b104-4a78e1e05b4b,1
c18c5578-061e-4a3a-bf7a-c8400b5ceb13,1
00e4f4c4-9313-49fa-8bc0-fb97457764dd,1
fe34a667-ef2b-4b79-8e46-6577f20dc695,1
7dac6f26-9c83-4665-955a-939fc15c2584,1
1ab6fca4-50bd-42dd-b915-0b6b3aac1abd,1
4611eb20-3d9f-43f6-b4f4-846dbcf49f42,1
1dea1b02-8854-409d-9677-6a705bb9d588,0
545eedbc-5861-4cf8-bc30-44c0792e7394,1
8d450003-8651-4053-af73-2645f60cfe14,1
1029d2de-aeba-425e-aecb-efa6c419eeb2,1
01a7764d-8ed7-4174-ac52-a0c465b91c1c,1
e16f4163-bc8a-48bb-80f4-e8a98c91b488,1
89d9ec1a-2bca-43c8-a340-64d9c4d216b0,1
e18821c1-4ce2-462d-8181-9e2617cd9c04,1
f7e63cf5-bafa-4a29-9952-d9e40fcbc9d5,1
da8e5f56-e9b2-46bd-97a3-d6514ddadf2f,1
19bb4b53-9208-4729-9945-c15e533a700d,1
237ce77c-69bd-47c0-8382-d405852e7779,1
536b574f-fd37-4aa6-a42d-fefde5b95875,1
b0e749ba-9f3a-48d7-9ba6-c7a9ef5e7fd3,1
58b9da84-abfa-440e-bcb4-9baa7d0a5b02,1
4dfcfa95-c5b3-4659-a013-bf261bec5ab3,1
59b64dc8-c9ff-43cd-8d0f-13411f6b7d67,1
86e6c89d-6e32-4ced-bf47-5ef3ae1d6edb,1
a0546e8c-e12e-4bfb-a247-785d1c1c78a9,1
9b391e95-8bca-4320-abc5-f4adc4b8e3db,1
57386acb-fad7-4c64-a137-8959f157dcb8,1
15dc770b-3957-4df6-b1c2-5f6857c34d69,1
06fa004d-3d97-4195-941c-127fa2091261,1
7b76c0e5-8a1a-4277-8bf7-a6e53ba039f4,1
44bbcf9b-dd80-484c-8ebb-7ad3ab091f4f,1
62f758f0-c7e6-478c-bdd0-d9f17812e5bb,1
1a8906eb-16f6-414b-a51e-07b7a0b33f9f,1
16a0401b-2aa3-4c29-bcd9-db2c857f7012,1
8c1ce26c-118d-4fd1-ab7d-3533e921d7d1,1
d4fae76a-c89f-4a36-958a-522d58d3bff8,1
1ba7db27-8a72-400a-ae68-508033b7a166,1
4c37e9fa-983f-4f67-8e9e-b04a56a0d591,1
7625ff57-db46-4fdd-8cd4-02a09ea4895f,1
909c2d49-87aa-47c1-bf97-5b565e7345ed,1
ace0a93f-7acb-4210-baba-1ac9976d15b1,1
a5660e27-bbf7-45dc-a6d5-edfe25b9d449,1
1ff6b390-9dc1-4669-ad01-ec045490df8d,1
54ceb40f-f8ea-4a52-9e8a-48b6e9730911,1
f8921122-5177-44dc-95a5-69391cd586a7,1
64a127d3-0958-4a37-b677-c68272832690,1
70333d0a-56de-405f-8f21-8080c5074c44,1
8d18a058-16e5-4185-85f8-f412ad17495e,1
d7405a29-4aa9-44aa-b79b-8c9e23a61d6e,1
ff994e37-5cb2-4bbb-b120-a587609d1b0f,1
0f2137aa-8cb2-40f8-87cc-391a7ba48d35,1
57cd86b5-f818-430e-a772-9a093fa60d74,1
56638523-c118-4124-ab3c-05c1134e43b5,1
e8b850e4-3876-40bc-bb7c-afe6f9da5e2d,1
fcc79c3f-e1c0-41f0-9d59-a296ffa08705,1
297e9adc-5cf6-402c-baef-ad3ff8972c56,1
107d4fd8-ffd8-4fcd-b5ee-695c6acd4f33,1
7fb22b68-b4b3-4d9b-8895-d2e08148d184,1
768ce386-85bc-4c09-981b-7908d74d669c,1
7479390d-e3fa-4356-a355-1999c6864502,1
24117327-2939-479c-a97b-b131bd603ed8,1
ca260740-398e-48b2-921b-f44a632122f4,1
1e93a2d3-adf9-4280-8c0f-af9329487d63,1
456f079b-a204-41ab-a20f-63ce402b5fee,1
9009963a-c237-452d-b8d8-76b8b88f0cdd,1
974f8604-7741-425d-b6b5-d17937a2c867,1
397236ac-269d-4f73-8a56-82e62d6240e0,1
b6ceb96f-b106-4d58-bfa6-91d30d1af9ab,1
96209e60-2e3c-4f4e-b5bf-80c6edbfd07e,1
423c93db-efeb-4de2-b91e-cf0e6f344bad,1
351520b2-faef-466a-878b-20026b12cf24,1
c62ee1bb-c2d5-4af0-ade4-cf9da83fbfbf,1
5b391770-f2ff-4f68-b6d2-d0c75841fece,1
1ba2f9cf-8b9d-49cc-9ee2-1458eb5162e2,1
4603838e-86e8-4231-8086-4796cab23dd8,1
cd9e00c6-af88-4a3a-adb8-859f7b62632f,1
ec89fd2f-1902-4f06-969e-17dd281dc5c2,1
51cc5c4c-3159-4ce1-85a1-e126867d06d6,1
5a6e70f6-2af2-48a8-a2bc-1746c0b692b6,1
9e0c1297-5fc2-418a-9648-72cc77e5bbae,1
d71c64f6-dfed-4e8f-9e24-3439818c3829,1
2d707898-ce42-4fa2-bfe7-80cdb9032727,1
1494a5ec-0e9b-4b99-a7a2-701a795f71bf,0
1a3e4ee2-ef2f-4c4b-9b6b-f9157be168fc,1
